{"stats":{"minecraft:dropped":{"minecraft:spruce_leaves":1,"minecraft:tipped_arrow":1,"minecraft:command_block":2,"minecraft:light_gray_concrete":2},"minecraft:picked_up":{"minecraft:tipped_arrow":1,"minecraft:light_gray_concrete":2,"minecraft:bone":1,"minecraft:arrow":3,"minecraft:command_block":2},"minecraft:custom":{"minecraft:time_since_rest":131326,"minecraft:crouch_one_cm":4684,"minecraft:play_time":131326,"minecraft:sprint_one_cm":2078,"minecraft:damage_taken":265,"minecraft:walk_one_cm":56059,"minecraft:sneak_time":2675,"minecraft:mob_kills":5,"minecraft:drop":6,"minecraft:jump":174,"minecraft:damage_dealt":1243,"minecraft:leave_game":8,"minecraft:time_since_death":131326,"minecraft:total_world_time":131326,"minecraft:fly_one_cm":226198},"minecraft:killed":{"minecraft:zombie":1,"minecraft:creeper":1,"minecraft:stray":2,"minecraft:skeleton":1},"minecraft:used":{"minecraft:glass":8,"minecraft:bedrock":18,"minecraft:spruce_leaves":1,"minecraft:light":1,"minecraft:repeater":16,"minecraft:light_gray_stained_glass":103,"minecraft:snow":1,"minecraft:mace":7,"minecraft:command_block":17,"minecraft:light_gray_concrete":143,"minecraft:red_concrete":1,"minecraft:grass_block":17,"minecraft:redstone":1,"minecraft:oak_button":4,"minecraft:barrier":91,"minecraft:andesite":3,"minecraft:repeating_command_block":1,"minecraft:stone":83,"minecraft:redstone_block":4}},"DataVersion":3955}