{"stats":{"minecraft:picked_up":{"minecraft:tipped_arrow":1,"minecraft:light_gray_concrete":2,"minecraft:bone":1,"minecraft:arrow":3},"minecraft:killed":{"minecraft:skeleton":1,"minecraft:zombie":1,"minecraft:creeper":1,"minecraft:stray":2},"minecraft:dropped":{"minecraft:spruce_leaves":1,"minecraft:tipped_arrow":1,"minecraft:light_gray_concrete":2},"minecraft:used":{"minecraft:spruce_leaves":1,"minecraft:glass":8,"minecraft:light_gray_stained_glass":54,"minecraft:snow":1,"minecraft:mace":7,"minecraft:light_gray_concrete":74,"minecraft:grass_block":17,"minecraft:barrier":84},"minecraft:custom":{"minecraft:time_since_rest":39941,"minecraft:crouch_one_cm":743,"minecraft:play_time":39941,"minecraft:sprint_one_cm":484,"minecraft:damage_taken":235,"minecraft:walk_one_cm":10615,"minecraft:sneak_time":948,"minecraft:mob_kills":5,"minecraft:drop":4,"minecraft:jump":51,"minecraft:damage_dealt":1243,"minecraft:leave_game":5,"minecraft:time_since_death":39941,"minecraft:total_world_time":39941,"minecraft:fly_one_cm":134947}},"DataVersion":3955}