{"stats":{"minecraft:dropped":{"minecraft:light_gray_concrete":2},"minecraft:used":{"minecraft:glass":8,"minecraft:snow":1,"minecraft:mace":2,"minecraft:light_gray_concrete":1,"minecraft:grass_block":17},"minecraft:killed":{"minecraft:stray":1,"minecraft:zombie":1},"minecraft:custom":{"minecraft:jump":25,"minecraft:time_since_rest":33975,"minecraft:damage_dealt":447,"minecraft:crouch_one_cm":490,"minecraft:leave_game":5,"minecraft:play_time":33975,"minecraft:damage_taken":235,"minecraft:time_since_death":33975,"minecraft:walk_one_cm":5632,"minecraft:sneak_time":471,"minecraft:total_world_time":33975,"minecraft:mob_kills":2,"minecraft:drop":2,"minecraft:fly_one_cm":102831},"minecraft:picked_up":{"minecraft:light_gray_concrete":2}},"DataVersion":3955}