{
  "minecraft:recipes/decorations/crafting_table": {
    "criteria": {
      "unlock_right_away": "2024-09-27 01:52:32 +0000"
    },
    "done": true
  },
  "minecraft:recipes/decorations/light_blue_stained_glass_pane": {
    "criteria": {
      "has_glass": "2024-09-27 01:55:32 +0000"
    },
    "done": true
  },
  "minecraft:adventure/adventuring_time": {
    "criteria": {
      "minecraft:beach": "2024-09-27 01:54:12 +0000",
      "minecraft:forest": "2024-09-27 01:53:56 +0000",
      "minecraft:ocean": "2024-09-27 01:53:46 +0000",
      "minecraft:river": "2024-09-27 01:54:53 +0000",
      "minecraft:windswept_savanna": "2024-09-27 01:53:45 +0000",
      "minecraft:plains": "2024-09-27 01:52:33 +0000"
    },
    "done": false
  },
  "DataVersion": 3953
}