{"minecraft:recipes/decorations/crafting_table":{"criteria":{"unlock_right_away":"2024-09-29 02:50:38 +0000"},"done":true},"minecraft:adventure/adventuring_time":{"criteria":{"minecraft:frozen_river":"2024-09-29 02:57:18 +0000","minecraft:snowy_plains":"2024-09-29 02:56:59 +0000","minecraft:snowy_taiga":"2024-09-29 02:50:39 +0000"},"done":false},"minecraft:adventure/root":{"criteria":{"killed_something":"2024-09-29 03:29:21 +0000"},"done":true},"minecraft:adventure/kill_all_mobs":{"criteria":{"minecraft:stray":"2024-09-29 03:29:26 +0000","minecraft:zombie":"2024-09-29 03:29:21 +0000"},"done":false},"minecraft:adventure/kill_a_mob":{"criteria":{"minecraft:zombie":"2024-09-29 03:29:21 +0000"},"done":true},"minecraft:recipes/building_blocks/red_stained_glass":{"criteria":{"has_glass":"2024-09-29 03:53:30 +0000"},"done":true},"minecraft:recipes/building_blocks/light_blue_stained_glass":{"criteria":{"has_glass":"2024-09-29 03:53:30 +0000"},"done":true},"minecraft:recipes/brewing/glass_bottle":{"criteria":{"has_glass":"2024-09-29 03:53:30 +0000"},"done":true},"minecraft:recipes/building_blocks/green_stained_glass":{"criteria":{"has_glass":"2024-09-29 03:53:30 +0000"},"done":true},"minecraft:recipes/building_blocks/brown_stained_glass":{"criteria":{"has_glass":"2024-09-29 03:53:30 +0000"},"done":true},"minecraft:recipes/building_blocks/light_gray_stained_glass":{"criteria":{"has_glass":"2024-09-29 03:53:30 +0000"},"done":true},"minecraft:recipes/building_blocks/blue_stained_glass":{"criteria":{"has_glass":"2024-09-29 03:53:30 +0000"},"done":true},"minecraft:recipes/building_blocks/orange_stained_glass":{"criteria":{"has_glass":"2024-09-29 03:53:30 +0000"},"done":true},"minecraft:recipes/building_blocks/cyan_stained_glass":{"criteria":{"has_glass":"2024-09-29 03:53:30 +0000"},"done":true},"minecraft:recipes/building_blocks/pink_stained_glass":{"criteria":{"has_glass":"2024-09-29 03:53:30 +0000"},"done":true},"minecraft:recipes/building_blocks/black_stained_glass":{"criteria":{"has_glass":"2024-09-29 03:53:30 +0000"},"done":true},"minecraft:recipes/building_blocks/gray_stained_glass":{"criteria":{"has_glass":"2024-09-29 03:53:30 +0000"},"done":true},"minecraft:recipes/building_blocks/purple_stained_glass":{"criteria":{"has_glass":"2024-09-29 03:53:30 +0000"},"done":true},"minecraft:recipes/building_blocks/yellow_stained_glass":{"criteria":{"has_glass":"2024-09-29 03:53:30 +0000"},"done":true},"minecraft:recipes/building_blocks/lime_stained_glass":{"criteria":{"has_glass":"2024-09-29 03:53:30 +0000"},"done":true},"minecraft:recipes/decorations/glass_pane":{"criteria":{"has_glass":"2024-09-29 03:53:30 +0000"},"done":true},"minecraft:recipes/building_blocks/magenta_stained_glass":{"criteria":{"has_glass":"2024-09-29 03:53:30 +0000"},"done":true},"minecraft:recipes/building_blocks/white_stained_glass":{"criteria":{"has_glass":"2024-09-29 03:53:30 +0000"},"done":true},"DataVersion":3955}