{"stats":{"minecraft:used":{"minecraft:redstone_torch":1,"minecraft:bedrock":118,"minecraft:jungle_sign":7,"minecraft:oak_leaves":2,"minecraft:lever":2,"minecraft:repeater":13,"minecraft:comparator":2,"minecraft:command_block":34,"minecraft:redstone":1,"minecraft:stone_button":4,"minecraft:oak_sign":2,"minecraft:repeating_command_block":1,"minecraft:redstone_block":6,"minecraft:light_blue_stained_glass":65},"minecraft:dropped":{"minecraft:jungle_sign":5,"minecraft:command_block":7,"minecraft:oak_log":128,"minecraft:bedrock":4},"minecraft:custom":{"minecraft:time_since_rest":220210,"minecraft:crouch_one_cm":5291,"minecraft:play_time":353124,"minecraft:sprint_one_cm":2702,"minecraft:deaths":1,"minecraft:damage_taken":230,"minecraft:walk_one_cm":53294,"minecraft:sneak_time":3045,"minecraft:drop":18,"minecraft:jump":263,"minecraft:damage_dealt":50,"minecraft:leave_game":10,"minecraft:time_since_death":220168,"minecraft:total_world_time":353124,"minecraft:fall_one_cm":3880,"minecraft:fly_one_cm":232479,"minecraft:player_kills":1},"minecraft:picked_up":{"minecraft:command_block":9,"minecraft:bedrock":4,"minecraft:oak_log":64,"minecraft:stone_button":3,"minecraft:jungle_sign":1}},"DataVersion":3953}