{"stats":{"minecraft:picked_up":{"minecraft:bedrock":1},"minecraft:custom":{"minecraft:jump":41,"minecraft:time_since_rest":10196,"minecraft:crouch_one_cm":198,"minecraft:leave_game":1,"minecraft:sprint_one_cm":441,"minecraft:play_time":10196,"minecraft:time_since_death":10196,"minecraft:walk_one_cm":2936,"minecraft:sneak_time":682,"minecraft:total_world_time":10196,"minecraft:drop":1,"minecraft:fall_one_cm":685,"minecraft:fly_one_cm":179627},"minecraft:used":{"minecraft:andesite_stairs":8,"minecraft:bedrock":117,"minecraft:light_blue_stained_glass":116,"minecraft:command_block":1,"minecraft:grass_block":51},"minecraft:dropped":{"minecraft:bedrock":1}},"DataVersion":3953}