{"stats":{"minecraft:killed_by":{"minecraft:zombie":1,"minecraft:player":1},"minecraft:picked_up":{"minecraft:bedrock":1,"minecraft:oak_log":129},"minecraft:dropped":{"minecraft:bedrock":1},"minecraft:mined":{"minecraft:oak_log":1,"minecraft:oak_leaves":3},"minecraft:used":{"minecraft:oak_log":1,"minecraft:jungle_sign":2,"minecraft:command_block":5,"minecraft:stone_button":4},"minecraft:custom":{"minecraft:time_since_rest":41686,"minecraft:crouch_one_cm":1620,"minecraft:play_time":139508,"minecraft:sprint_one_cm":1884,"minecraft:deaths":3,"minecraft:damage_taken":995,"minecraft:walk_one_cm":21851,"minecraft:sneak_time":619,"minecraft:drop":1,"minecraft:jump":88,"minecraft:damage_dealt":9,"minecraft:leave_game":2,"minecraft:time_since_death":34015,"minecraft:total_world_time":139508,"minecraft:fall_one_cm":8596,"minecraft:fly_one_cm":92148}},"DataVersion":3953}